{
  "train_loss": [
    2.7129740079243976,
    2.164770188331604,
    1.6821965901056926,
    1.6381897163391113,
    1.5975347868601482,
    1.5285614720980327,
    1.519669467608134,
    1.5639958167076111,
    1.4254560446739197,
    1.2952996754646302,
    1.3399258613586427,
    1.2699565553665162,
    1.2235255455970764,
    1.2156772828102111,
    1.3171372405687969,
    1.2996524500846862,
    1.250808219909668,
    1.244923218091329,
    1.2116397953033446,
    1.2349062697092692,
    1.1858834211031597,
    1.245053075949351,
    1.2375641735394796,
    1.2337161302566528,
    1.2148584191004435,
    1.1786027296384176,
    1.1745396145184834,
    1.1417426403363546,
    1.1079777415593466,
    1.1507499392827352,
    1.188879964351654,
    1.166774107615153,
    1.1115346495310465,
    1.1336201818784077,
    1.1407745091120403,
    1.1178059641520182,
    1.1017627875010172,
    1.1211257243156434,
    1.1083228540420533,
    1.125646406809489,
    1.1126336057980855,
    1.0996919282277424,
    1.0938235346476237,
    1.1054878799120584,
    1.0807138554255167,
    1.0732269557317098,
    1.0855315709114075,
    1.0924513069788615,
    1.0887645387649536,
    1.0875012866655986
  ],
  "val_loss": [
    2.141926646232605,
    1.8752430166516985,
    1.64896936076028,
    1.618003981454032,
    1.7970016172954015,
    1.6966309888022286,
    1.5273229564939226,
    1.6745408603123255,
    1.6085431746074133,
    1.5093271221433366,
    1.6210004602159773,
    1.7620873280933924,
    1.6724353858402796,
    1.8393998656954085,
    1.776049086025783,
    1.7581127882003784,
    1.758323039327349,
    1.8291901690619332,
    1.822139126913888,
    1.856458646910531,
    1.9152617113930839,
    1.9869543143681117,
    2.0424396310533797,
    2.0576754297528947,
    1.8939555202211653,
    1.9870771850858415,
    1.9829178197043282,
    1.8399697882788522,
    2.0019481692995345,
    2.0187664883477345,
    2.041064041001456,
    1.930799892970494,
    2.0136414766311646,
    2.0234047855649675,
    2.0594823701041087,
    2.010002068110875,
    2.0188777446746826,
    1.998562523296901,
    1.9948159626552038,
    1.9817217588424683,
    2.031732439994812,
    2.066778200013297,
    2.0478778907230923,
    1.9966128383363997,
    2.026250924382891,
    2.0393761566707065,
    2.012111612728664,
    2.0963345084871565,
    2.047724025590079,
    2.0420470408030917
  ],
  "mAP05": [
    1.0,
    1.0,
    1.0,
    1.0,
    1.0,
    1.0,
    1.0,
    1.0,
    1.0,
    1.0,
    1.0,
    1.0,
    1.0,
    1.0,
    1.0,
    1.0,
    1.0,
    1.0,
    1.0,
    1.0,
    1.0,
    1.0,
    1.0,
    1.0,
    1.0,
    1.0,
    1.0,
    1.0,
    1.0,
    1.0,
    1.0,
    1.0,
    1.0,
    1.0,
    1.0,
    1.0,
    1.0,
    1.0,
    1.0,
    1.0,
    1.0,
    1.0,
    1.0,
    1.0,
    1.0,
    1.0,
    1.0,
    1.0,
    1.0,
    1.0
  ],
  "mAP5095": [
    1.0,
    1.0,
    1.0,
    1.0,
    1.0,
    1.0,
    1.0,
    1.0,
    1.0,
    1.0,
    1.0,
    1.0,
    1.0,
    1.0,
    1.0,
    1.0,
    1.0,
    1.0,
    1.0,
    1.0,
    1.0,
    1.0,
    1.0,
    1.0,
    1.0,
    1.0,
    1.0,
    1.0,
    1.0,
    1.0,
    1.0,
    1.0,
    1.0,
    1.0,
    1.0,
    1.0,
    1.0,
    1.0,
    1.0,
    1.0,
    1.0,
    1.0,
    1.0,
    1.0,
    1.0,
    1.0,
    1.0,
    1.0,
    1.0,
    1.0
  ],
  "mIoU": [
    0.9846900961436486,
    0.9842991748691375,
    0.9840171769933868,
    0.9837219457155281,
    0.9831562913255368,
    0.9830683936271603,
    0.9832534291561436,
    0.9828815995612766,
    0.9832047860926718,
    0.9834561844388657,
    0.9833501762486186,
    0.9830898266568386,
    0.9832617839382782,
    0.983026932048911,
    0.9830370329932177,
    0.9829301746962156,
    0.9830071482161575,
    0.9828775351696368,
    0.9827777689540611,
    0.9828680537320079,
    0.9827659201424324,
    0.9828348597749528,
    0.9825766278260338,
    0.9824388159310579,
    0.9828595381144118,
    0.9825585152546173,
    0.9826619028468281,
    0.9826398599510009,
    0.982504667375907,
    0.9826124432800845,
    0.9826130573934452,
    0.9825359160843362,
    0.9825643233982959,
    0.9825417546857177,
    0.9825383182255758,
    0.9826358566013518,
    0.9826072734873366,
    0.9825257568865318,
    0.9826314238817464,
    0.9826035557677797,
    0.982600419409489,
    0.9825005022012482,
    0.9825071102364556,
    0.9825231183915701,
    0.9825949010937264,
    0.9825857007759621,
    0.9825779091940717,
    0.9825231995202506,
    0.9824976967077296,
    0.9824976967077296
  ],
  "precision": [
    0.9999990000010003,
    0.9999990000010003,
    0.9999990000010003,
    0.9999990000010003,
    0.9999990000010003,
    0.9999990000010003,
    0.9999990000010003,
    0.9999990000010003,
    0.9999990000010003,
    0.9999990000010003,
    0.9999990000010003,
    0.9999990000010003,
    0.9999990000010003,
    0.9999990000010003,
    0.9999990000010003,
    0.9999990000010003,
    0.9999990000010003,
    0.9999990000010003,
    0.9999990000010003,
    0.9999990000010003,
    0.9999990000010003,
    0.9999990000010003,
    0.9999990000010003,
    0.9999990000010003,
    0.9999990000010003,
    0.9999990000010003,
    0.9999990000010003,
    0.9999990000010003,
    0.9999990000010003,
    0.9999990000010003,
    0.9999990000010003,
    0.9999990000010003,
    0.9999990000010003,
    0.9999990000010003,
    0.9999990000010003,
    0.9999990000010003,
    0.9999990000010003,
    0.9999990000010003,
    0.9999990000010003,
    0.9999990000010003,
    0.9999990000010003,
    0.9999990000010003,
    0.9999990000010003,
    0.9999990000010003,
    0.9999990000010003,
    0.9999990000010003,
    0.9999990000010003,
    0.9999990000010003,
    0.9999990000010003,
    0.9999990000010003
  ],
  "recall": [
    0.9999990000010003,
    0.9999990000010003,
    0.9999990000010003,
    0.9999990000010003,
    0.9999990000010003,
    0.9999990000010003,
    0.9999990000010003,
    0.9999990000010003,
    0.9999990000010003,
    0.9999990000010003,
    0.9999990000010003,
    0.9999990000010003,
    0.9999990000010003,
    0.9999990000010003,
    0.9999990000010003,
    0.9999990000010003,
    0.9999990000010003,
    0.9999990000010003,
    0.9999990000010003,
    0.9999990000010003,
    0.9999990000010003,
    0.9999990000010003,
    0.9999990000010003,
    0.9999990000010003,
    0.9999990000010003,
    0.9999990000010003,
    0.9999990000010003,
    0.9999990000010003,
    0.9999990000010003,
    0.9999990000010003,
    0.9999990000010003,
    0.9999990000010003,
    0.9999990000010003,
    0.9999990000010003,
    0.9999990000010003,
    0.9999990000010003,
    0.9999990000010003,
    0.9999990000010003,
    0.9999990000010003,
    0.9999990000010003,
    0.9999990000010003,
    0.9999990000010003,
    0.9999990000010003,
    0.9999990000010003,
    0.9999990000010003,
    0.9999990000010003,
    0.9999990000010003,
    0.9999990000010003,
    0.9999990000010003,
    0.9999990000010003
  ],